[
    {
        "name": "Selenium",
        "icon": "https://img.icons8.com/ios-filled/50/40C057/selenium-test-automation.png"
    },
    {
        "name": "Java",
        "icon": "https://img.icons8.com/color/48/000000/java-coffee-cup-logo--v1.png"
    },
    {
        "name": "Python",
        "icon": "https://img.icons8.com/color/48/python--v1.png"
    },
    {
        "name": "TestCafe",
        "icon": "https://img.icons8.com/3d-fluency/50/test-passed.png"
    },
    {
        "name": "browserStack",
        "icon": "https://img.icons8.com/color/48/browser-stack.png"
    },
    {
        "name": "DB Testing",
        "icon": "https://img.icons8.com/color/48/database.png"
    },
    {
        "name": "Api Testing",
        "icon": "https://img.icons8.com/color/48/api-settings.png"
    },
    {
        "name": "ManualTesting",
        "icon": "https://img.icons8.com/external-flaticons-lineal-color-flat-icons/48/external-testing-digital-nomading-relocation-flaticons-lineal-color-flat-icons.png"
    },
    {
        "name": "Bug Tracking",
        "icon": "https://img.icons8.com/ios-filled/50/FA5252/insect.png"
    },
    {
        "name": "GCP",
        "icon": "https://img.icons8.com/color/48/google-cloud-platform.png"
    },
    {
        "name": "Jenkins",
        "icon": "https://img.icons8.com/color/48/jenkins.png"
    },
    {
        "name": "Android",
        "icon": "https://img.icons8.com/color/48/android-studio--v2.png"
    },
    {
        "name": "Bootstrap",
        "icon": "https://img.icons8.com/color/48/000000/bootstrap.png"
    },
    {
        "name": "HTML5",
        "icon": "https://img.icons8.com/color/48/000000/html-5--v1.png"
    },
    {
        "name": "CSS3",
        "icon": "https://img.icons8.com/color/48/000000/css3.png"
    },
    {
        "name": "JavaScript",
        "icon": "https://img.icons8.com/color/48/000000/javascript--v1.png"
    },
    {
        "name": "Node-js",
        "icon": "https://img.icons8.com/fluency/48/node-js.png"
    }
    ,
    {
        "name": "Linux",
        "icon": "https://img.icons8.com/external-those-icons-flat-those-icons/48/external-Linux-logos-and-brands-those-icons-flat-those-icons.png"
    },
    {
        "name": "Jira",
        "icon": "https://img.icons8.com/color/48/jira.png"
    },
    {
        "name": "MySQL",
        "icon": "https://img.icons8.com/color/48/000000/mysql-logo.png"
    },
    {
        "name": "GitHub",
        "icon": "https://img.icons8.com/glyph-neue/48/ffffff/github.png"
    },
    {
        "name": "Bitbucket",
        "icon": "https://img.icons8.com/external-tal-revivo-color-tal-revivo/50/external-bitbucket-is-a-web-based-version-control-repository-hosting-service-logo-color-tal-revivo.png"
    },
    {
        "name": "Gitlab",
        "icon": "https://img.icons8.com/color/50/gitlab.png"
    },
    {
        "name": "MS-Office",
        "icon": "https://img.icons8.com/color/48/office-365.png"
    }
]